"","21444515","21444506","21444517","21444504","21444511","21444503","21444513","21444501","21444510","21444508"
"usin","0.0","0.0","0.0","0.0","0.0","0.0","1.253733371897854","0.0","0.0","0.0"
"Are","0.0","0.0","0.0","0.0","0.0","0.0","0.0","0.0","0.626866685948927","0.0"
"Ur","0.0","0.0","0.0","0.0","0.7522400231387125","0.0","0.0","0.0","0.0","0.0"
"Fairi","0.626866685948927","0.0","0.0","0.0","0.0","0.0","0.0","0.0","0.0","0.0"
"visit","0.0","0.0","0.0","0.0","0.0","0.0","1.253733371897854","0.0","0.0","0.0"
"challeng","0.0","0.0","0.0","0.0","0.0","0.0","0.0","0.0","0.626866685948927","0.0"
"yellow","0.0","0.0","0.0","0.0","0.0","0.0","0.0","1.253733371897854","0.0","0.0"
"awesom","0.0","0.0","0.0","0.0","0.0","0.0","0.0","0.0","0.0","1.253733371897854"
"http://bit.ly/cHmi0W","0.0","0.0","0.0","0.0","0.0","0.626866685948927","0.0","0.0","0.0","0.0"
"until","0.0","0.0","0.0","0.0","0.0","0.0","0.0","0.0","0.0","1.253733371897854"
"http://kvs.co/15A3","0.0","0.0","0.0","0.0","0.0","0.0","0.0","0.0","0.626866685948927","0.0"
"Employe","0.0","0.7522400231387125","0.0","0.0","0.0","0.0","0.0","0.0","0.0","0.0"
"152","0.0","0.0","0.0","0.0","0.0","0.0","0.0","1.253733371897854","0.0","0.0"
"Where","0.0","0.0","0.0","0.0","0.0","0.0","0.0","0.0","0.0","1.253733371897854"
"time","0.0","0.0","0.0","0.0","0.0","0.0","0.0","1.0226843117112057","0.5113421558556028","0.0"
"recruit","0.0","0.0","0.0","0.0","0.0","0.626866685948927","0.0","0.0","0.0","0.0"
"151","0.0","0.0","0.0","0.0","0.0","0.0","0.0","1.253733371897854","0.0","0.0"
"@BenderTheKing","0.0","0.0","0.0","0.0","0.0","0.626866685948927","0.0","0.0","0.0","0.0"
"fuck","0.0","0.0","0.0","0.0","0.0","0.626866685948927","0.0","0.0","0.0","0.0"
"!”","0.0","0.0","0.0","0.0","0.0","0.626866685948927","0.0","0.0","0.0","0.0"
"drink","0.0","0.0","0.0","0.0","0.0","0.0","0.0","0.0","0.0","1.253733371897854"
"she","0.0","0.0","0.0","0.0","0.0","0.0","0.0","1.253733371897854","0.0","0.0"
"ft","0.0","0.0","1.253733371897854","0.0","0.0","0.0","0.0","0.0","0.0","0.0"
"happen","0.626866685948927","0.0","0.0","0.0","0.0","0.0","0.0","0.0","0.0","0.0"
"Descendooo","0.0","0.7522400231387125","0.0","0.0","0.0","0.0","0.0","0.0","0.0","0.0"
"right","0.0","0.0","0.0","0.0","0.7522400231387125","0.0","0.0","0.0","0.0","0.0"
"toung","0.0","0.0","0.0","0.0","0.0","0.0","0.0","1.253733371897854","0.0","0.0"
"gonna","0.626866685948927","0.0","0.0","0.0","0.0","0.0","0.0","0.0","0.0","0.0"
"black","0.0","0.0","0.0","0.0","0.0","0.0","0.0","1.253733371897854","0.0","0.0"
"""","0.0","0.0","0.0","1.253733371897854","0.0","0.0","0.0","0.0","0.0","0.0"
"#1","0.0","0.0","0.0","0.0","0.0","0.0","0.0","0.0","0.0","1.253733371897854"
"turn","0.0","0.0","0.0","0.0","0.0","0.0","0.0","0.0","0.626866685948927","0.0"
"http://goo.gl/fb/jBfOC","0.0","0.0","0.0","0.0","0.0","0.0","0.0","0.0","0.626866685948927","0.0"
"!","0.0","0.9383853230144058","0.0","1.0426503589048952","0.3127951076714686","0.5213251794524476","0.0","0.0","0.2606625897262238","0.0"
"cavern a","0.0","0.7522400231387125","0.0","0.0","0.0","0.0","0.0","0.0","0.0","0.0"
"&","0.0","0.0","0.0","0.0","0.0","0.0","0.0","0.0","0.626866685948927","0.0"
"ASSISTAM","0.0","0.0","0.0","0.0","0.0","0.626866685948927","0.0","0.0","0.0","0.0"
"alway","0.0","0.0","0.0","0.0","0.0","0.0","0.0","0.0","0.0","1.253733371897854"
"...","0.0","0.0","0.0","0.0","0.0","0.3958176257622786","0.0","0.7916352515245572","0.7916352515245572","0.0"
"*","0.0","0.0","0.0","0.0","0.0","0.0","0.0","0.0","0.626866685948927","0.0"
"(","0.0","0.0","0.0","0.8875292756751509","0.5325175654050905","0.44376463783757547","0.0","0.0","0.0","0.0"
")","0.0","0.0","0.0","0.7916352515245572","0.47498115091473436","0.3958176257622786","0.0","0.0","0.3958176257622786","0.0"
".","0.0","0.25525869318111244","0.42543115530185405","0.0","0.25525869318111244","0.42543115530185405","0.42543115530185405","0.8508623106037081","0.42543115530185405","0.8508623106037081"
"@Aftern00ndelite","0.0","0.0","1.253733371897854","0.0","0.0","0.0","0.0","0.0","0.0","0.0"
",","0.0","0.4303524406518924","0.0","0.0","0.0","0.7172540677531539","0.0","0.0","0.0","1.4345081355063078"
"-","0.44376463783757547","0.5325175654050905","0.0","0.0","0.0","0.44376463783757547","0.0","0.0","0.0","0.0"
"Do","0.0","0.0","0.0","0.0","0.0","0.0","0.0","1.0226843117112057","0.5113421558556028","0.0"
"3","0.0","0.0","0.0","0.0","0.0","0.0","0.0","0.0","0.0","1.253733371897854"
"2","0.0","0.0","0.8875292756751509","0.8875292756751509","0.0","0.0","0.0","0.0","0.0","0.8875292756751509"
"profess","0.0","0.0","0.0","0.0","0.0","0.626866685948927","0.0","0.0","0.0","0.0"
"Dr","0.0","0.0","0.0","0.0","0.0","0.0","0.0","1.253733371897854","0.0","0.0"
"pregnant","0.0","0.0","0.0","0.0","0.7522400231387125","0.0","0.0","0.0","0.0","0.0"
":","0.2802930956689544","0.3363517148027453","0.0","0.0","0.0","0.8408792870068632","0.0","0.5605861913379088","0.5605861913379088","0.0"
"Sport","0.0","0.0","0.0","0.0","0.0","0.626866685948927","0.0","0.0","0.0","0.0"
"?","0.3958176257622786","0.0","0.0","0.0","0.0","0.0","0.0","0.7916352515245572","0.0","1.5832705030491143"
"@Raul_Lohan","0.626866685948927","0.0","0.0","0.0","0.0","0.0","0.0","0.0","0.0","0.0"
"TT","0.0","0.0","0.0","0.0","0.0","0.0","0.0","0.0","0.0","1.253733371897854"
"we","0.0","0.0","0.0","0.0","0.0","0.5113421558556028","0.0","1.0226843117112057","0.0","0.0"
"<","0.0","0.0","0.0","0.0","0.0","0.0","0.0","0.0","0.0","1.253733371897854"
"doin","0.0","0.0","0.0","1.253733371897854","0.0","0.0","0.0","0.0","0.0","0.0"
"soooo","0.0","0.0","0.0","0.0","0.7522400231387125","0.0","0.0","0.0","0.0","0.0"
"Good","0.0","0.0","0.0","1.253733371897854","0.0","0.0","0.0","0.0","0.0","0.0"
"goe","0.626866685948927","0.0","0.0","0.0","0.0","0.0","0.0","0.0","0.0","0.0"
"give","0.0","0.6136105870267234","0.0","0.0","0.0","0.0","0.0","0.0","0.5113421558556028","0.0"
"B","0.0","0.0","0.0","0.0","0.0","0.0","0.0","0.0","0.626866685948927","0.0"
"bore","0.0","0.0","0.0","0.0","0.7522400231387125","0.0","0.0","0.0","0.0","0.0"
"use","0.0","0.0","0.0","0.0","0.0","0.0","0.0","0.0","0.626866685948927","0.0"
"anoth","0.0","0.0","0.0","0.0","0.0","0.0","0.0","0.0","0.626866685948927","0.0"
"I","0.0","0.3938881292931015","0.0","0.0","0.3938881292931015","0.0","1.3129604309770049","0.0","0.3282401077442512","0.6564802154885024"
"babe","0.0","0.0","0.0","0.0","0.7522400231387125","0.0","0.0","0.0","0.0","0.0"
"@TaySwiftAus","0.0","0.0","1.253733371897854","0.0","0.0","0.0","0.0","0.0","0.0","0.0"
"–","0.0","0.0","0.0","0.0","0.0","0.5113421558556028","0.0","0.0","0.0","1.0226843117112057"
"SONG","0.0","0.0","0.0","0.0","0.0","0.0","0.0","0.0","0.626866685948927","0.0"
"U","0.0","0.0","0.0","0.0","0.0","0.0","0.0","0.0","0.0","1.253733371897854"
"T","0.0","0.0","1.253733371897854","0.0","0.0","0.0","0.0","0.0","0.0","0.0"
"The","0.0","0.0","0.0","0.0","0.0","0.0","0.0","1.0226843117112057","0.5113421558556028","0.0"
"life","0.0","0.0","0.0","0.0","0.7522400231387125","0.0","0.0","0.0","0.0","0.0"
"????","0.0","0.0","1.253733371897854","0.0","0.0","0.0","0.0","0.0","0.0","0.0"
"could","0.0","0.6136105870267234","0.0","0.0","0.0","0.0","0.0","1.0226843117112057","0.0","0.0"
"R","0.0","0.0","0.0","0.0","0.0","0.0","0.0","0.0","0.0","1.253733371897854"
"ahh","0.0","0.0","0.0","1.253733371897854","0.0","0.0","0.0","0.0","0.0","0.0"
"cont","0.0","0.0","0.0","0.0","0.7522400231387125","0.0","0.0","0.0","0.0","0.0"
"hard","0.0","0.0","0.0","0.0","0.0","0.626866685948927","0.0","0.0","0.0","0.0"
"With","0.0","0.0","0.0","0.0","0.0","0.0","0.0","0.0","0.626866685948927","0.0"
"“","0.0","0.0","0.0","0.0","0.0","0.626866685948927","0.0","0.0","0.0","0.0"
"Scotsmancom","0.0","0.0","0.0","0.0","0.0","0.626866685948927","0.0","0.0","0.0","0.0"
"You'll","0.0","0.0","0.0","1.253733371897854","0.0","0.0","0.0","0.0","0.0","0.0"
"d","0.0","0.0","1.0226843117112057","0.0","0.0","0.5113421558556028","0.0","0.0","0.0","0.0"
"I'm","0.0","0.6136105870267234","0.0","0.0","0.6136105870267234","0.0","0.0","0.0","0.0","0.0"
"…","0.0","0.0","0.0","0.0","0.0","0.0","0.0","0.0","0.626866685948927","0.0"
"Wash","0.0","0.0","1.253733371897854","0.0","0.0","0.0","0.0","0.0","0.0","0.0"
"a","0.0","0.0","0.0","0.0","1.0891739799829494","0.3025483277730415","0.0","0.0","0.9076449833191246","0.0"
"n","0.0","0.0","0.0","0.0","0.0","0.0","0.0","1.253733371897854","0.0","0.0"
"back","0.0","0.0","0.0","1.253733371897854","0.0","0.0","0.0","0.0","0.0","0.0"
"!!","0.44376463783757547","0.0","0.8875292756751509","0.0","0.5325175654050905","0.0","0.0","0.0","0.0","0.0"
"shaft","0.0","0.7522400231387125","0.0","0.0","0.0","0.0","0.0","0.0","0.0","0.0"
"up","0.44376463783757547","0.0","0.8875292756751509","0.0","0.0","0.0","0.0","0.0","0.0","0.8875292756751509"
"i","0.5113421558556028","0.0","0.0","0.0","0.6136105870267234","0.0","0.0","0.0","0.0","0.0"
"yes","0.0","0.0","0.0","0.0","0.0","0.0","1.253733371897854","0.0","0.0","0.0"
"u","0.0","0.0","1.0226843117112057","0.0","0.0","0.0","0.0","0.0","0.5113421558556028","0.0"
"Hous","0.0","0.0","0.0","0.0","0.0","0.0","0.0","0.0","0.626866685948927","0.0"
"Halloween","0.0","0.0","0.0","0.0","0.0","0.0","0.0","0.0","0.0","1.253733371897854"
"what","0.0","0.0","0.0","0.0","0.0","0.0","1.253733371897854","0.0","0.0","0.0"
"r","0.0","0.0","0.0","0.0","0.0","0.0","0.0","0.0","0.626866685948927","0.0"
"katirina","0.0","0.0","0.0","0.0","0.0","0.0","0.0","0.0","0.626866685948927","0.0"
"http://bit.ly/BFiPad2","0.0","0.7522400231387125","0.0","0.0","0.0","0.0","0.0","0.0","0.0","0.0"
"}","0.0","0.7522400231387125","0.0","0.0","0.0","0.0","0.0","0.0","0.0","0.0"
"|","0.0","0.0","0.0","0.0","0.0","0.0","0.0","0.0","0.626866685948927","0.0"
"{","0.0","0.7522400231387125","0.0","0.0","0.0","0.0","0.0","0.0","0.0","0.0"
"reflect","0.0","0.0","0.0","0.0","0.0","0.0","0.0","1.253733371897854","0.0","0.0"
"week","0.626866685948927","0.0","0.0","0.0","0.0","0.0","0.0","0.0","0.0","0.0"
"to","0.0","0.7261159866552997","0.0","0.0","0.3630579933276499","0.3025483277730415","0.0","1.210193311092166","0.3025483277730415","0.0"
"con","0.0","0.0","0.0","0.0","0.0","0.0","1.253733371897854","0.0","0.0","0.0"
"player","0.0","0.0","0.0","0.0","0.0","0.626866685948927","0.0","0.0","0.0","0.0"
"Load","0.0","0.0","0.0","0.0","0.0","0.0","0.0","0.0","0.626866685948927","0.0"
"goof","0.0","0.0","0.0","0.0","0.0","0.0","0.0","0.0","0.626866685948927","0.0"
"good","0.0","0.0","0.0","0.0","0.0","0.0","0.0","1.253733371897854","0.0","0.0"
"yeeuupp","0.0","0.0","0.0","0.0","0.0","0.0","0.0","0.0","0.626866685948927","0.0"
"TWITICAM","0.0","0.0","0.0","0.0","0.0","0.626866685948927","0.0","0.0","0.0","0.0"
"earli","0.0","0.7522400231387125","0.0","0.0","0.0","0.0","0.0","0.0","0.0","0.0"
"everybodi","0.0","0.0","0.0","1.253733371897854","0.0","0.0","0.0","0.0","0.0","0.0"
"who","1.0226843117112057","0.0","0.0","0.0","0.0","0.0","0.0","0.0","0.0","0.0"
"Gun","0.0","0.0","0.0","0.0","0.0","0.0","0.0","0.0","0.626866685948927","0.0"
"after","0.0","0.0","1.253733371897854","0.0","0.0","0.0","0.0","0.0","0.0","0.0"
"stewart","0.0","0.0","0.0","0.0","0.0","0.0","0.0","0.0","0.626866685948927","0.0"
"woke","0.0","0.0","0.0","0.0","0.7522400231387125","0.0","0.0","0.0","0.0","0.0"
"Micah","0.0","0.0","0.0","0.0","0.0","0.0","0.0","0.0","0.626866685948927","0.0"
"follow","0.0","0.7522400231387125","0.0","0.0","0.0","0.0","0.0","0.0","0.0","0.0"
"be","0.35862703387657696","0.4303524406518924","0.0","0.7172540677531539","0.4303524406518924","0.0","0.0","0.7172540677531539","0.0","0.0"
"CarMD","0.0","0.0","0.0","0.0","0.0","0.0","0.0","0.0","0.626866685948927","0.0"
"@blackfriday_fm","0.0","0.7522400231387125","0.0","0.0","0.0","0.0","0.0","0.0","0.0","0.0"
"What's","0.626866685948927","0.0","0.0","0.0","0.0","0.0","0.0","0.0","0.0","0.0"
"get","0.0","0.0","0.0","1.5832705030491143","0.47498115091473436","0.0","0.0","0.0","0.0","0.7916352515245572"
"ani","0.0","0.0","0.0","0.0","0.0","0.0","0.0","1.0226843117112057","0.5113421558556028","0.0"
"whose","0.0","0.0","0.0","0.0","0.0","0.626866685948927","0.0","0.0","0.0","0.0"
"so","0.0","0.0","0.0","0.0","0.6136105870267234","0.5113421558556028","0.0","0.0","0.0","0.0"
"watch","0.0","0.0","0.0","0.0","0.0","0.0","0.0","0.0","0.626866685948927","0.0"
"luck","0.0","0.0","0.0","1.253733371897854","0.0","0.0","0.0","0.0","0.0","0.0"
"#indiegogo","0.626866685948927","0.0","0.0","0.0","0.0","0.0","0.0","0.0","0.0","0.0"
"Spread","0.626866685948927","0.0","0.0","0.0","0.0","0.0","0.0","0.0","0.0","0.0"
"and","0.0","0.6136105870267234","0.0","0.0","0.0","0.0","0.0","1.0226843117112057","0.0","0.0"
"that","0.0","0.0","0.0","0.0","0.0","0.5113421558556028","1.0226843117112057","0.0","0.0","0.0"
"harri","0.0","0.0","0.0","1.253733371897854","0.0","0.0","0.0","0.0","0.0","0.0"
"finish","0.5113421558556028","0.0","0.0","1.0226843117112057","0.0","0.0","0.0","0.0","0.0","0.0"
"golfer","0.0","0.0","0.0","0.0","0.0","0.626866685948927","0.0","0.0","0.0","0.0"
"near","0.0","0.7522400231387125","0.0","0.0","0.0","0.0","0.0","0.0","0.0","0.0"
"http://tl.gd/6dhsvn","0.0","0.0","0.0","0.0","0.7522400231387125","0.0","0.0","0.0","0.0","0.0"
"saver","0.0","0.0","0.0","0.0","0.7522400231387125","0.0","0.0","0.0","0.0","0.0"
"day","0.0","0.0","0.0","0.0","0.0","0.0","0.0","0.0","0.0","1.253733371897854"
"i'm","0.5113421558556028","0.0","0.0","0.0","0.6136105870267234","0.0","0.0","0.0","0.0","0.0"
"make","0.626866685948927","0.0","0.0","0.0","0.0","0.0","0.0","0.0","0.0","0.0"
"got","0.0","0.0","0.0","0.8875292756751509","0.5325175654050905","0.44376463783757547","0.0","0.0","0.0","0.0"
"thing","0.0","0.0","0.0","0.0","0.7522400231387125","0.0","0.0","0.0","0.0","0.0"
"room","0.626866685948927","0.0","0.0","0.0","0.0","0.0","0.0","0.0","0.0","0.0"
"HMMM","0.0","0.7522400231387125","0.0","0.0","0.0","0.0","0.0","0.0","0.0","0.0"
"famous","0.0","0.7522400231387125","0.0","0.0","0.0","0.0","0.0","0.0","0.0","0.0"
"African","0.0","0.0","0.0","0.0","0.0","0.0","0.0","0.0","0.626866685948927","0.0"
"Start","0.0","0.0","0.0","0.0","0.0","0.0","0.0","0.0","0.626866685948927","0.0"
"nap","0.0","0.0","0.0","0.0","0.7522400231387125","0.0","0.0","0.0","0.0","0.0"
"qonna","0.0","0.7522400231387125","0.0","0.0","0.0","0.0","0.0","0.0","0.0","0.0"
"nite","0.0","0.0","0.0","0.0","0.0","0.0","0.0","0.0","0.626866685948927","0.0"
"some1","0.0","0.0","0.0","1.253733371897854","0.0","0.0","0.0","0.0","0.0","0.0"
"about","0.0","0.0","0.0","0.0","0.0","0.0","0.0","0.0","0.0","1.253733371897854"
"well","0.0","0.0","1.0226843117112057","0.0","0.0","0.0","0.0","0.0","0.0","1.0226843117112057"
"through","0.0","0.7522400231387125","0.0","0.0","0.0","0.0","0.0","0.0","0.0","0.0"
"we’r","0.0","0.7522400231387125","0.0","0.0","0.0","0.0","0.0","0.0","0.0","0.0"
"Your","0.0","0.0","0.0","0.0","0.0","0.0","0.0","0.0","0.0","1.253733371897854"
"Ah","0.0","0.0","0.0","0.0","0.0","0.0","0.0","0.0","0.626866685948927","0.0"
"Saturday","0.0","0.7522400231387125","0.0","0.0","0.0","0.0","0.0","0.0","0.0","0.0"
"oppa","0.0","0.0","0.0","0.0","0.0","0.0","0.0","0.0","0.0","1.253733371897854"
"gotta","0.0","0.0","0.0","0.0","0.0","0.0","0.0","1.253733371897854","0.0","0.0"
"Taliban","0.0","0.0","0.0","0.0","0.0","0.626866685948927","0.0","0.0","0.0","0.0"
"Escape","0.0","0.7522400231387125","0.0","0.0","0.0","0.0","0.0","0.0","0.0","0.0"
"too","0.0","0.0","0.0","1.0226843117112057","0.0","0.0","0.0","0.0","0.0","1.0226843117112057"
"music","0.0","0.0","0.0","0.0","0.0","0.0","0.0","1.253733371897854","0.0","0.0"
"feel","0.0","0.0","0.0","0.0","0.7522400231387125","0.0","0.0","0.0","0.0","0.0"
"You","0.0","0.0","0.0","0.0","0.0","0.0","0.0","0.0","0.5113421558556028","1.0226843117112057"
"B.O.B","0.0","0.0","1.253733371897854","0.0","0.0","0.0","0.0","0.0","0.0","0.0"
"@KingDJack317","0.0","0.0","0.0","0.0","0.0","0.0","0.0","1.253733371897854","0.0","0.0"
"EXCELLENT","0.0","0.0","0.0","0.0","0.0","0.0","0.0","0.0","0.626866685948927","0.0"
"at","0.0","0.0","0.0","1.253733371897854","0.0","0.0","0.0","0.0","0.0","0.0"
"New","0.0","0.0","0.0","0.0","0.0","0.0","0.0","0.0","0.626866685948927","0.0"
"as","0.0","0.7522400231387125","0.0","0.0","0.0","0.0","0.0","0.0","0.0","0.0"
"you","0.605096655546083","0.0","1.210193311092166","0.605096655546083","0.0","0.0","0.0","0.605096655546083","0.3025483277730415","0.0"
"sooo","0.0","0.0","0.0","0.0","0.7522400231387125","0.0","0.0","0.0","0.0","0.0"
"win","0.0","0.6136105870267234","0.0","0.0","0.0","0.0","0.0","0.0","0.5113421558556028","0.0"
"http://bit.ly/caCgs1","0.0","0.0","0.0","0.0","0.0","0.0","0.0","0.0","0.0","1.253733371897854"
"Pray","0.0","0.0","0.0","0.0","0.0","0.0","0.0","0.0","0.626866685948927","0.0"
"SO","0.0","0.0","0.0","0.0","0.0","0.0","0.0","0.0","0.626866685948927","0.0"
"See","0.0","0.0","0.0","1.253733371897854","0.0","0.0","0.0","0.0","0.0","0.0"
"Allan","0.0","0.0","0.0","0.0","0.0","0.0","0.0","0.0","0.626866685948927","0.0"
"Westwood","0.0","0.0","0.0","0.0","0.0","0.626866685948927","0.0","0.0","0.0","0.0"
"specif","0.0","0.0","0.0","0.0","0.7522400231387125","0.0","0.0","0.0","0.0","0.0"
"never","0.0","0.0","0.0","0.0","0.0","0.0","1.253733371897854","0.0","0.0","0.0"
"RT","0.0","0.5325175654050905","0.8875292756751509","0.0","0.0","0.44376463783757547","0.0","0.0","0.0","0.0"
"great","0.0","0.0","0.0","1.253733371897854","0.0","0.0","0.0","0.0","0.0","0.0"
"there","0.0","0.0","0.0","0.0","0.0","0.626866685948927","0.0","0.0","0.0","0.0"
"an","0.0","0.7522400231387125","0.0","0.0","0.0","0.0","0.0","0.0","0.0","0.0"
"our","0.626866685948927","0.0","0.0","0.0","0.0","0.0","0.0","0.0","0.0","0.0"
"???","0.0","0.0","0.0","1.253733371897854","0.0","0.0","0.0","0.0","0.0","0.0"
"out","0.5113421558556028","0.0","0.0","0.0","0.0","0.0","0.0","0.0","0.0","1.0226843117112057"
"Gari","0.0","0.0","0.0","0.0","0.0","0.0","0.0","0.0","0.626866685948927","0.0"
"for","0.35862703387657696","0.0","0.0","0.0","0.4303524406518924","0.0","0.0","0.7172540677531539","0.7172540677531539","0.0"
"you've","0.0","0.0","0.0","0.0","0.0","0.0","0.0","1.253733371897854","0.0","0.0"
"LOL","0.626866685948927","0.0","0.0","0.0","0.0","0.0","0.0","0.0","0.0","0.0"
"@MealsAndMiles","0.0","0.0","0.0","1.253733371897854","0.0","0.0","0.0","0.0","0.0","0.0"
"Chile","0.0","0.7522400231387125","0.0","0.0","0.0","0.0","0.0","0.0","0.0","0.0"
"tip","0.0","0.0","0.0","0.0","0.0","0.0","0.0","1.253733371897854","0.0","0.0"
"<3","0.0","0.0","0.0","0.0","0.7522400231387125","0.0","0.0","0.0","0.0","0.0"
"Whatz","0.0","0.0","0.0","1.253733371897854","0.0","0.0","0.0","0.0","0.0","0.0"
":p","0.0","0.0","0.0","1.0226843117112057","0.0","0.0","0.0","0.0","0.5113421558556028","0.0"
"slogan","0.0","0.0","0.0","0.0","0.0","0.626866685948927","0.0","0.0","0.0","0.0"
"open","0.0","0.0","0.0","0.0","0.0","0.0","0.0","0.0","0.0","1.253733371897854"
"of","0.44376463783757547","0.0","0.0","0.0","0.0","0.0","0.0","0.8875292756751509","0.0","0.8875292756751509"
"break","0.0","0.7522400231387125","0.0","0.0","0.0","0.0","0.0","0.0","0.0","0.0"
"are","0.0","0.0","0.0","0.0","0.0","0.0","0.0","0.0","0.44376463783757547","1.7750585513503019"
"social","0.0","0.0","0.0","0.0","0.0","0.0","0.0","0.0","0.626866685948927","0.0"
"tweet","0.0","0.0","0.0","0.0","0.0","0.0","1.253733371897854","0.0","0.0","0.0"
"on","0.3282401077442512","0.0","0.6564802154885024","0.0","0.0","0.3282401077442512","0.0","0.0","0.6564802154885024","0.6564802154885024"
"movi","0.0","0.0","0.0","0.0","0.0","0.0","0.0","0.0","0.626866685948927","0.0"
"Singapor","0.0","0.0","0.0","0.0","0.0","0.0","0.0","0.0","0.626866685948927","0.0"
"move","0.626866685948927","0.0","0.0","0.0","0.0","0.0","0.0","0.0","0.0","0.0"
"!!!!!!!!!!!","0.0","0.0","0.0","0.0","0.0","0.0","0.0","0.0","0.626866685948927","0.0"
"ring","0.0","0.0","0.0","0.0","0.0","0.0","0.0","1.253733371897854","0.0","0.0"
"mani","0.0","0.0","0.0","0.0","0.7522400231387125","0.0","0.0","0.0","0.0","0.0"
"glad","0.0","0.0","0.0","0.0","0.0","0.5113421558556028","0.0","0.0","0.5113421558556028","0.0"
"or","0.0","0.0","0.0","1.253733371897854","0.0","0.0","0.0","0.0","0.0","0.0"
"did","0.0","0.0","0.0","0.0","0.0","0.626866685948927","0.0","0.0","0.0","0.0"
"like","0.0","0.0","0.0","0.0","0.7522400231387125","0.0","0.0","0.0","0.0","0.0"
"#unspokenrule","0.0","0.0","1.253733371897854","0.0","0.0","0.0","0.0","0.0","0.0","0.0"
"anymor","0.0","0.0","0.0","0.0","0.0","0.0","1.253733371897854","0.0","0.0","0.0"
"SHES","0.0","0.0","0.0","0.0","0.0","0.0","0.0","0.0","0.626866685948927","0.0"
"scrag","0.0","0.0","1.253733371897854","0.0","0.0","0.0","0.0","0.0","0.0","0.0"
"Lee","0.0","0.0","0.0","0.0","0.0","0.626866685948927","0.0","0.0","0.0","0.0"
"now","0.0","0.0","0.0","0.0","0.6136105870267234","0.0","0.0","0.0","0.5113421558556028","0.0"
"@juliewbee","0.0","0.0","0.0","0.0","0.0","0.626866685948927","0.0","0.0","0.0","0.0"
"@A_NICOLE3","0.626866685948927","0.0","0.0","0.0","0.0","0.0","0.0","0.0","0.0","0.0"
"happpi","0.0","0.0","0.0","0.0","0.7522400231387125","0.0","0.0","0.0","0.0","0.0"
"will","0.0","0.0","0.0","0.0","0.0","0.0","0.0","1.253733371897854","0.0","0.0"
"say","0.0","0.0","0.0","0.0","0.0","0.626866685948927","0.0","0.0","0.0","0.0"
"month","0.0","0.0","0.0","0.0","0.0","0.0","0.0","0.0","0.626866685948927","0.0"
"Toh","0.0","0.7522400231387125","0.0","0.0","0.0","0.0","0.0","0.0","0.0","0.0"
"#nowlistening","0.0","0.0","1.253733371897854","0.0","0.0","0.0","0.0","0.0","0.0","0.0"
"Swift","0.0","0.0","1.253733371897854","0.0","0.0","0.0","0.0","0.0","0.0","0.0"
"realiti","0.0","0.0","0.0","0.0","0.0","0.0","0.0","1.253733371897854","0.0","0.0"
"@sgitts","0.0","0.0","0.0","0.0","0.0","0.0","0.0","0.0","0.626866685948927","0.0"
"Benefit","0.0","0.7522400231387125","0.0","0.0","0.0","0.0","0.0","0.0","0.0","0.0"
"Tale","0.626866685948927","0.0","0.0","0.0","0.0","0.0","0.0","0.0","0.0","0.0"
"http://twitcam.com/2bjcm","0.0","0.0","0.0","0.0","0.0","0.626866685948927","0.0","0.0","0.0","0.0"
"(@","0.0","0.0","0.0","0.0","0.0","0.0","0.0","0.0","0.626866685948927","0.0"
"My","0.0","0.0","0.0","0.0","0.0","0.0","0.0","0.0","0.626866685948927","0.0"
"tomorrow","0.0","0.0","0.0","1.253733371897854","0.0","0.0","0.0","0.0","0.0","0.0"
"@LuanaLinn","0.0","0.0","0.0","0.0","0.0","0.626866685948927","0.0","0.0","0.0","0.0"
"G's","0.0","0.0","0.0","0.0","0.0","0.0","0.0","1.253733371897854","0.0","0.0"
"Bruno","0.0","0.0","1.253733371897854","0.0","0.0","0.0","0.0","0.0","0.0","0.0"
"crave","0.0","0.0","0.0","0.0","0.7522400231387125","0.0","0.0","0.0","0.0","0.0"
"short","0.5113421558556028","0.0","0.0","0.0","0.6136105870267234","0.0","0.0","0.0","0.0","0.0"
"miner","0.0","0.7522400231387125","0.0","0.0","0.0","0.0","0.0","0.0","0.0","0.0"
"thank","0.0","0.0","0.0","0.0","0.7522400231387125","0.0","0.0","0.0","0.0","0.0"
"CALIFORNIA","0.0","0.0","0.0","0.0","0.0","0.0","0.0","0.0","0.626866685948927","0.0"
":)","0.0","0.0","0.0","0.7916352515245572","0.9499623018294687","0.0","0.0","0.0","0.3958176257622786","0.0"
"me","0.5113421558556028","0.0","0.0","1.0226843117112057","0.0","0.0","0.0","0.0","0.0","0.0"
"luckili","0.0","0.0","0.0","0.0","0.0","0.0","0.0","0.0","0.0","1.253733371897854"
"Andrew","0.0","0.0","0.0","0.0","0.0","0.0","0.0","0.0","0.626866685948927","0.0"
"listen","0.0","0.0","0.0","0.0","0.0","0.0","0.0","1.253733371897854","0.0","0.0"
"Just","0.0","0.5325175654050905","0.0","0.8875292756751509","0.5325175654050905","0.0","0.0","0.0","0.0","0.0"
"@_RSade23","0.0","0.0","0.0","0.0","0.7522400231387125","0.0","0.0","0.0","0.0","0.0"
"#in10years","0.0","0.7522400231387125","0.0","0.0","0.0","0.0","0.0","0.0","0.0","0.0"
"ball","0.0","0.0","1.253733371897854","0.0","0.0","0.0","0.0","0.0","0.0","0.0"
"post","0.0","0.0","0.0","0.0","0.0","0.0","0.0","0.0","0.626866685948927","0.0"
"Drill","0.0","0.7522400231387125","0.0","0.0","0.0","0.0","0.0","0.0","0.0","0.0"
"2night","0.0","0.0","0.0","1.253733371897854","0.0","0.0","0.0","0.0","0.0","0.0"
"#iPad","0.0","0.7522400231387125","0.0","0.0","0.0","0.0","0.0","0.0","0.0","0.0"
"Interview","0.0","0.0","0.0","0.0","0.0","0.626866685948927","0.0","0.0","0.0","0.0"
"Sat","0.0","0.0","0.0","0.0","0.0","0.0","0.0","0.0","0.626866685948927","0.0"
"That's","0.0","0.0","0.0","0.0","0.0","0.0","0.0","1.253733371897854","0.0","0.0"
"don't","0.0","0.0","0.0","0.0","0.7522400231387125","0.0","0.0","0.0","0.0","0.0"
"it's","0.0","0.0","0.0","0.0","0.0","0.0","0.0","0.0","0.0","1.253733371897854"
"#sheabustdownwhen","0.0","0.0","0.0","0.0","0.0","0.0","0.0","1.253733371897854","0.0","0.0"
"my","0.5113421558556028","0.0","0.0","0.0","0.0","0.0","0.0","0.0","0.0","1.0226843117112057"
"@OneBadAssWoman","0.626866685948927","0.0","0.0","0.0","0.0","0.0","0.0","0.0","0.0","0.0"
"keeper","0.0","0.0","0.0","0.0","0.0","0.0","0.0","0.0","0.626866685948927","0.0"
"glossi","0.0","0.0","0.0","0.0","0.0","0.0","0.0","0.0","0.0","1.253733371897854"
"@Heedictator","0.0","0.0","0.0","0.0","0.0","0.0","0.0","0.0","0.0","1.253733371897854"
"@CoReyMeKeLL","0.0","0.0","0.0","0.0","0.0","0.0","0.0","1.253733371897854","0.0","0.0"
"101010","0.0","0.0","0.0","0.0","0.0","0.626866685948927","0.0","0.0","0.0","0.0"
"Hey","0.0","0.0","1.0226843117112057","1.0226843117112057","0.0","0.0","0.0","0.0","0.0","0.0"
"somethin","0.0","0.0","0.0","1.253733371897854","0.0","0.0","0.0","0.0","0.0","0.0"
"method","0.0","0.0","0.0","0.0","0.0","0.0","0.0","0.0","0.626866685948927","0.0"
"Comic","0.0","0.0","0.0","0.0","0.0","0.0","1.253733371897854","0.0","0.0","0.0"
"OMG","0.0","0.0","0.0","0.0","0.0","0.0","0.0","0.0","0.626866685948927","0.0"
"Person","0.0","0.0","1.253733371897854","0.0","0.0","0.0","0.0","0.0","0.0","0.0"
"dure","0.626866685948927","0.0","0.0","0.0","0.0","0.0","0.0","0.0","0.0","0.0"
"save","0.0","0.0","0.0","0.0","0.0","0.0","0.0","0.0","0.626866685948927","0.0"
"promis","0.0","0.7522400231387125","0.0","0.0","0.0","0.0","0.0","0.0","0.0","0.0"
"What","0.0","0.0","0.0","0.0","0.0","0.0","0.0","0.0","0.626866685948927","0.0"
"http://bit.ly/9bXRK5","0.0","0.0","0.0","0.0","0.0","0.626866685948927","0.0","0.0","0.0","0.0"
"Mission","0.0","0.0","0.0","0.0","0.0","0.0","1.253733371897854","0.0","0.0","0.0"
"travel","0.0","0.0","0.0","0.0","0.0","0.0","0.0","1.253733371897854","0.0","0.0"
"been","0.0","0.0","0.0","0.0","0.0","0.0","1.253733371897854","0.0","0.0","0.0"
"FOR","0.0","0.0","0.0","0.0","0.0","0.626866685948927","0.0","0.0","0.0","0.0"
"toward","0.0","0.0","0.0","0.0","0.0","0.0","0.0","0.0","0.626866685948927","0.0"
"outta","0.0","0.0","0.0","0.0","0.0","0.626866685948927","0.0","0.0","0.0","0.0"
"Tag","0.0","0.0","0.0","0.0","0.0","0.0","0.0","0.0","0.626866685948927","0.0"
"when","0.0","0.0","0.0","0.0","0.0","0.626866685948927","0.0","0.0","0.0","0.0"
"http://bit.ly/c7UIWQ","0.0","0.0","0.0","0.0","0.0","0.0","0.0","1.253733371897854","0.0","0.0"
"ESSA","0.0","0.0","0.0","0.0","0.0","0.626866685948927","0.0","0.0","0.0","0.0"
"live","0.0","0.0","0.0","0.0","0.0","0.626866685948927","0.0","0.0","0.0","0.0"
"eye","0.0","0.0","0.0","0.0","0.0","0.0","0.0","0.0","0.0","1.253733371897854"
"martha","0.0","0.0","0.0","0.0","0.0","0.0","0.0","0.0","0.626866685948927","0.0"
"http://ow.ly/19naoB","0.0","0.7522400231387125","0.0","0.0","0.0","0.0","0.0","0.0","0.0","0.0"
"such","0.0","0.0","0.0","0.0","0.7522400231387125","0.0","0.0","0.0","0.0","0.0"
"http://twitpic.com/2w69sk","0.0","0.0","0.0","0.0","0.0","0.0","0.0","0.0","0.0","1.253733371897854"
"It’s","0.0","0.0","0.0","0.0","0.0","0.626866685948927","0.0","0.0","0.0","0.0"
"Mars-Noth","0.0","0.0","1.253733371897854","0.0","0.0","0.0","0.0","0.0","0.0","0.0"
"hygien","0.0","0.0","1.253733371897854","0.0","0.0","0.0","0.0","0.0","0.0","0.0"
"mark","0.0","0.0","0.0","0.0","0.0","0.0","0.0","0.0","0.626866685948927","0.0"
"http://bit.ly/ao9G7u.","0.626866685948927","0.0","0.0","0.0","0.0","0.0","0.0","0.0","0.0","0.0"
"@iamJCA","0.0","0.7522400231387125","0.0","0.0","0.0","0.0","0.0","0.0","0.0","0.0"
"-promovendo","0.0","0.0","0.0","0.0","0.0","0.626866685948927","0.0","0.0","0.0","0.0"
"stuff","0.0","0.0","0.0","0.0","0.0","0.0","0.0","0.0","0.0","1.253733371897854"
"late","0.0","0.0","0.0","0.0","0.0","0.0","0.0","0.0","0.0","1.253733371897854"
"I'll","0.0","0.0","0.0","0.0","0.7522400231387125","0.0","0.0","0.0","0.0","0.0"
"Today","0.0","0.0","0.0","0.0","0.0","0.626866685948927","0.0","0.0","0.0","0.0"
"bomb","0.0","0.0","0.0","0.0","0.0","0.626866685948927","0.0","0.0","0.0","0.0"
"word","0.626866685948927","0.0","0.0","0.0","0.0","0.0","0.0","0.0","0.0","0.0"
"kno","0.0","0.0","0.0","0.0","0.0","0.0","0.0","1.253733371897854","0.0","0.0"
"this","0.0","0.6136105870267234","0.0","0.0","0.0","0.0","0.0","0.0","0.0","1.0226843117112057"
"taaalk","0.0","0.0","0.0","0.0","0.7522400231387125","0.0","0.0","0.0","0.0","0.0"
"Im","0.0","0.0","0.0","1.253733371897854","0.0","0.0","0.0","0.0","0.0","0.0"
"accomplish","0.0","0.0","0.0","0.0","0.0","0.0","1.253733371897854","0.0","0.0","0.0"
"In","0.0","0.0","0.0","0.0","0.0","0.0","0.0","0.0","0.626866685948927","0.0"
"have","0.0","0.0","0.0","0.0","0.0","0.0","0.0","0.0","0.626866685948927","0.0"
"schedul","0.0","0.0","0.0","0.0","0.0","0.0","0.0","1.253733371897854","0.0","0.0"
"#DropItInMyLap","0.0","0.0","0.0","1.253733371897854","0.0","0.0","0.0","0.0","0.0","0.0"
"Yes","0.0","0.7522400231387125","0.0","0.0","0.0","0.0","0.0","0.0","0.0","0.0"
"from","0.0","0.0","0.0","1.0226843117112057","0.6136105870267234","0.0","0.0","0.0","0.0","0.0"
"wat","0.0","0.0","1.253733371897854","0.0","0.0","0.0","0.0","0.0","0.0","0.0"
"fir","0.0","0.0","0.0","0.0","0.0","0.0","0.0","0.0","0.626866685948927","0.0"
"was","0.0","0.0","0.0","0.0","0.0","0.626866685948927","0.0","0.0","0.0","0.0"
"Brown","0.0","0.0","0.0","0.0","0.0","0.0","0.0","0.0","0.626866685948927","0.0"
"txs","0.0","0.0","0.0","0.0","0.0","0.0","0.0","0.0","0.626866685948927","0.0"
"Help","0.626866685948927","0.0","0.0","0.0","0.0","0.0","0.0","0.0","0.0","0.0"
"=D","0.626866685948927","0.0","0.0","0.0","0.0","0.0","0.0","0.0","0.0","0.0"
"Miss","0.0","0.0","0.0","0.0","0.0","0.0","0.0","0.0","0.0","1.253733371897854"
"if","0.0","0.0","0.0","0.0","0.7522400231387125","0.0","0.0","0.0","0.0","0.0"
"@badbadJONES","0.0","0.0","0.0","0.0","0.0","0.0","1.253733371897854","0.0","0.0","0.0"
"tryin","0.0","0.0","0.0","1.253733371897854","0.0","0.0","0.0","0.0","0.0","0.0"
"won","0.626866685948927","0.0","0.0","0.0","0.0","0.0","0.0","0.0","0.0","0.0"
"justinnn","0.0","0.0","0.0","0.0","0.7522400231387125","0.0","0.0","0.0","0.0","0.0"
"find","0.0","0.0","0.0","1.0226843117112057","0.0","0.0","0.0","0.0","0.0","1.0226843117112057"
"Lol","0.0","0.0","1.253733371897854","0.0","0.0","0.0","0.0","0.0","0.0","0.0"
"film","0.626866685948927","0.0","0.0","0.0","0.0","0.0","0.0","0.0","0.0","0.0"
"with","0.5113421558556028","0.0","0.0","1.0226843117112057","0.0","0.0","0.0","0.0","0.0","0.0"
"is","0.0","0.0","0.0","0.0","0.0","0.626866685948927","0.0","0.0","0.0","0.0"
"@TannerWho","0.0","0.0","0.0","0.0","0.0","0.0","0.0","0.0","0.626866685948927","0.0"
"it","0.5113421558556028","0.0","0.0","0.0","0.6136105870267234","0.0","0.0","0.0","0.0","0.0"
"your","0.0","0.0","1.0226843117112057","0.0","0.0","0.0","0.0","0.0","0.0","1.0226843117112057"
"poor","0.0","0.0","0.0","0.0","0.0","0.0","0.0","0.0","0.626866685948927","0.0"
"play","0.0","0.0","0.0","0.0","0.0","0.0","0.0","0.0","0.626866685948927","0.0"
"into","0.0","0.0","0.0","1.253733371897854","0.0","0.0","0.0","0.0","0.0","0.0"
"@WXBQMarcus","0.0","0.0","0.0","0.0","0.0","0.0","0.0","0.0","0.626866685948927","0.0"
"the","0.5605861913379088","0.0","0.0","0.5605861913379088","0.0","0.2802930956689544","0.0","0.5605861913379088","0.2802930956689544","1.1211723826758175"
"women","0.0","0.0","0.0","0.0","0.7522400231387125","0.0","0.0","0.0","0.0","0.0"
"in","0.0","0.0","0.0","0.0","0.0","0.0","0.0","0.0","0.626866685948927","0.0"
"rout","0.0","0.0","0.0","0.0","0.0","0.0","0.0","1.253733371897854","0.0","0.0"
".,","0.0","0.0","0.0","0.0","0.0","0.0","0.0","0.0","0.626866685948927","0.0"
"wast","0.0","0.0","0.0","1.253733371897854","0.0","0.0","0.0","0.0","0.0","0.0"
"around","0.626866685948927","0.0","0.0","0.0","0.0","0.0","0.0","0.0","0.0","0.0"
"away","0.0","0.6136105870267234","0.0","0.0","0.0","0.0","0.0","0.0","0.5113421558556028","0.0"
"justic","0.0","0.0","0.0","0.0","0.0","0.0","0.0","0.0","0.626866685948927","0.0"
"?...","0.626866685948927","0.0","0.0","0.0","0.0","0.0","0.0","0.0","0.0","0.0"
"modifi","0.0","0.0","0.0","0.0","0.0","0.0","0.0","1.253733371897854","0.0","0.0"
